graph_edge_id,source,target,legacy_source_edge_ref,source_type,production_state,evidence_level,current_meaning,unlock_or_visibility,physical_travel_implied,notes
VIS-E01-001,R08-L01,R08-L02,01 | R08-L01→R08-L02 | P0/main,P0/main,SOURCE_REFERENCED,CANONICAL_PM,Framing/support relation only; not a mandatory first-play chain.,CONTEXTUAL_ONLY,NO,R08-L01 framing hub and R08-L02 optional/support remain separate from mandatory unlock/travel.
VIS-E01-002,R08-L02,R01-L01,02 | R08-L02→R01-L01 | P0/main,P0/main,SOURCE_REFERENCED,CANONICAL_PM,Historical C08→C01 mapping only; not a mandatory tutorial gate.,CONTEXTUAL_MAPPING,NO,Current RPG enters R01 by quest; R08-L02 is not a required physical gate.
VIS-E01-003,R01-L01,R01-L02,03 | R01-L01→R01-L02 | P0/main,P0/main,PRODUCTION_DEFINED,CURRENT_RUNTIME,R01-L01 first quest/report leads to the current R01-L02 follow-up housing-record investigation.,FOLLOW_UP_AFTER_FIRST_REPORT,NO,Physical travel is independently validated in LOCAL_PHYSICAL_TRAVEL_GRAPH.
VIS-E01-004,R01-L02,R01-L03,04 | R01-L02→R01-L03 | P0/main,P0/main,PRODUCTION_DEFINED,CANONICAL_PM,R01-L03 is an early-season C01 boss milestone after R01-L02 plus additional C01 progression.,MILESTONE_NOT_IMMEDIATE_UNLOCK,NO,Exact quest number and boss runtime remain TBD.
VIS-E01-005,R01-L02,R01-L04,05 | R01-L02→R01-L04 | P1/branch,P1/branch,TBD,INSUFFICIENT,Historical C01 branch toward R01-L04; current quest assignment and visibility trigger are not defined.,TBD,NO,Legacy source is preserved without current promotion.
VIS-E01-006,R01-L03,R01-L05,06 | R01-L03→R01-L05 | P1/branch,P1/branch,TBD,INSUFFICIENT,Historical C01 branch toward R01-L05; boss and false-return placement are not currently defined.,TBD,NO,Legacy source is preserved without current promotion.
VIS-E01-007,R08-L02,R08-L03,07 | R08-L02→R08-L03 | P1/branch,P1/branch,TBD,INSUFFICIENT,Historical C08 branch; current progression/visibility meaning is not defined.,TBD,NO,Legacy source is preserved without current promotion.
VIS-E01-008,R08-L03,R08-L04,08 | R08-L03→R08-L04 | P1/branch,P1/branch,TBD,INSUFFICIENT,Historical C08 branch; current progression/visibility meaning is not defined.,TBD,NO,Legacy source is preserved without current promotion.
VIS-E01-009,R01-L05,R03-L01,09 | R01-L05→R03-L01 | P1/branch,P1/branch,TBD,INSUFFICIENT,Historical C01→C03 cross-campaign clue; no current unlock/dependency contract.,TBD,NO,Legacy source is preserved without current promotion.
VIS-E01-010,R03-L01,R03-L02,10 | R03-L01→R03-L02 | P1/branch,P1/branch,SOURCE_REFERENCED,LEGACY_SOURCE_ONLY,Historical C03 intra-campaign progression source; future production fill required.,SOURCE_REFERENCE_ONLY,NO,No current Production promotion beyond preserved source trace.
VIS-E01-011,R03-L02,R03-L03,11 | R03-L02→R03-L03 | P1/branch,P1/branch,SOURCE_REFERENCED,LEGACY_SOURCE_ONLY,Historical C03 intra-campaign progression source; future production fill required.,SOURCE_REFERENCE_ONLY,NO,No current Production promotion beyond preserved source trace.
VIS-E01-012,R01-L03,R02-L01,12 | R01-L03→R02-L01 | P1/branch,P1/branch,TBD,INSUFFICIENT,Historical C01→C02 cross-campaign clue; no current unlock/dependency contract.,TBD,NO,Legacy source is preserved without current promotion.
VIS-E01-013,R02-L01,R02-L02,13 | R02-L01→R02-L02 | P1/branch,P1/branch,SOURCE_REFERENCED,LEGACY_SOURCE_ONLY,Historical C02 intra-campaign progression source; future production fill required.,SOURCE_REFERENCE_ONLY,NO,No current Production promotion beyond preserved source trace.
VIS-E01-014,R02-L02,R02-L03,14 | R02-L02→R02-L03 | P1/branch,P1/branch,SOURCE_REFERENCED,LEGACY_SOURCE_ONLY,Historical C02 intra-campaign progression source; future production fill required.,SOURCE_REFERENCE_ONLY,NO,No current Production promotion beyond preserved source trace.
VIS-E01-015,R03-L03,R04-L01,15 | R03-L03→R04-L01 | P1/branch,P1/branch,TBD,INSUFFICIENT,Historical C03→C04 cross-campaign clue; no current unlock/dependency contract.,TBD,NO,Legacy source is preserved without current promotion.
VIS-E01-016,R04-L01,R04-L02,16 | R04-L01→R04-L02 | P1/branch,P1/branch,SOURCE_REFERENCED,LEGACY_SOURCE_ONLY,Historical C04 intra-campaign progression source; future production fill required.,SOURCE_REFERENCE_ONLY,NO,No current Production promotion beyond preserved source trace.
VIS-E01-017,R04-L02,R04-L03,17 | R04-L02→R04-L03 | P1/branch,P1/branch,SOURCE_REFERENCED,LEGACY_SOURCE_ONLY,Historical C04 intra-campaign progression source; future production fill required.,SOURCE_REFERENCE_ONLY,NO,No current Production promotion beyond preserved source trace.
VIS-E01-018,R06-L01,R06-L02,18 | R06-L01→R06-L02 | P1/branch,P1/branch,SOURCE_REFERENCED,LEGACY_SOURCE_ONLY,Historical C06 intra-campaign progression source; future production fill required.,SOURCE_REFERENCE_ONLY,NO,No current Production promotion beyond preserved source trace.
VIS-E01-019,R06-L02,R06-L03,19 | R06-L02→R06-L03 | P1/branch,P1/branch,SOURCE_REFERENCED,LEGACY_SOURCE_ONLY,Historical C06 intra-campaign progression source; future production fill required.,SOURCE_REFERENCE_ONLY,NO,No current Production promotion beyond preserved source trace.
VIS-E01-020,R03-L03,R03-L04,20 | R03-L03→R03-L04 | P2/boss_branch,P2/boss_branch,TBD,INSUFFICIENT,Historical C03 boss-branch continuation; current non-timer production meaning is not defined.,TBD,NO,Legacy source is preserved without current promotion.
VIS-E01-021,R03-L04,R03-L05,21 | R03-L04→R03-L05 | P2/boss_branch,P2/boss_branch,TBD,INSUFFICIENT,Historical C03 boss-branch continuation; current production meaning is not defined.,TBD,NO,Legacy source is preserved without current promotion.
VIS-E01-022,R02-L03,R02-L04,22 | R02-L03→R02-L04 | P2/boss_branch,P2/boss_branch,TBD,INSUFFICIENT,Historical C02 boss-branch continuation; current production meaning is not defined.,TBD,NO,Legacy source is preserved without current promotion.
VIS-E01-023,R02-L04,R02-L05,23 | R02-L04→R02-L05 | P2/boss_branch,P2/boss_branch,TBD,INSUFFICIENT,Historical C02 boss-branch continuation; current production meaning is not defined.,TBD,NO,Legacy source is preserved without current promotion.
VIS-E01-024,R04-L03,R04-L04,24 | R04-L03→R04-L04 | P2/boss_branch,P2/boss_branch,TBD,INSUFFICIENT,Historical C04 boss-branch continuation; current production meaning is not defined.,TBD,NO,Legacy source is preserved without current promotion.
VIS-E01-025,R04-L04,R04-L05,25 | R04-L04→R04-L05 | P2/boss_branch,P2/boss_branch,TBD,INSUFFICIENT,Historical C04 boss-branch continuation; current production meaning is not defined.,TBD,NO,Legacy source is preserved without current promotion.
VIS-E01-026,R06-L03,R06-L04,26 | R06-L03→R06-L04 | P2/boss_branch,P2/boss_branch,TBD,INSUFFICIENT,Historical C06 boss-branch continuation; current production meaning is not defined.,TBD,NO,Legacy source is preserved without current promotion.
VIS-E01-027,R06-L04,R06-L05,27 | R06-L04→R06-L05 | P2/boss_branch,P2/boss_branch,TBD,INSUFFICIENT,Historical C06 boss-branch continuation; current production meaning is not defined.,TBD,NO,Legacy source is preserved without current promotion.
VIS-E01-028,R08-L03,R05-L01,28 | R08-L03→R05-L01 | P2/remote_signal,P2/remote_signal,SOURCE_REFERENCED,CANONICAL_PM,Remote signal is a visibility/information candidate only.,REMOTE_VISIBILITY_SOURCE,NO,Explicitly not physical travel and not Campaign dependency.
VIS-E01-029,R05-L01,R05-L02,29 | R05-L01→R05-L02 | P2/remote_signal,P2/remote_signal,SOURCE_REFERENCED,LEGACY_SOURCE_ONLY,Historical C05 remote/source progression reference; current production trigger is not yet defined.,SOURCE_REFERENCE_ONLY,NO,No current Production promotion beyond preserved source trace.
VIS-E01-030,R05-L02,R05-L03,30 | R05-L02→R05-L03 | P2/remote_signal,P2/remote_signal,SOURCE_REFERENCED,LEGACY_SOURCE_ONLY,Historical C05 remote/source progression reference; current production trigger is not yet defined.,SOURCE_REFERENCE_ONLY,NO,No current Production promotion beyond preserved source trace.
VIS-E01-031,R05-L03,R05-L04,31 | R05-L03→R05-L04 | P2/remote_signal,P2/remote_signal,SOURCE_REFERENCED,LEGACY_SOURCE_ONLY,Historical C05 remote/source progression reference; current production trigger is not yet defined.,SOURCE_REFERENCE_ONLY,NO,No current Production promotion beyond preserved source trace.
VIS-E01-032,R05-L04,R05-L05,32 | R05-L04→R05-L05 | P2/remote_signal,P2/remote_signal,SOURCE_REFERENCED,LEGACY_SOURCE_ONLY,Historical C05 remote/source progression reference; current production trigger is not yet defined.,SOURCE_REFERENCE_ONLY,NO,No current Production promotion beyond preserved source trace.
VIS-E01-033,R07-L01,R07-L02,33 | R07-L01→R07-L02 | P2/blockade,P2/blockade,SOURCE_REFERENCED,LEGACY_SOURCE_ONLY,Historical C07 blockade progression reference; current travel and unlock semantics require production evidence.,SOURCE_REFERENCE_ONLY,NO,No current Production promotion beyond preserved source trace.
VIS-E01-034,R07-L02,R07-L03,34 | R07-L02→R07-L03 | P2/blockade,P2/blockade,SOURCE_REFERENCED,LEGACY_SOURCE_ONLY,Historical C07 blockade progression reference; current travel and unlock semantics require production evidence.,SOURCE_REFERENCE_ONLY,NO,No current Production promotion beyond preserved source trace.
VIS-E01-035,R07-L03,R07-L04,35 | R07-L03→R07-L04 | P2/blockade,P2/blockade,SOURCE_REFERENCED,LEGACY_SOURCE_ONLY,Historical C07 blockade progression reference; current travel and unlock semantics require production evidence.,SOURCE_REFERENCE_ONLY,NO,No current Production promotion beyond preserved source trace.
VIS-E01-036,R07-L04,R07-L05,36 | R07-L04→R07-L05 | P2/blockade,P2/blockade,SOURCE_REFERENCED,LEGACY_SOURCE_ONLY,Historical C07 blockade progression reference; current travel and unlock semantics require production evidence.,SOURCE_REFERENCE_ONLY,NO,No current Production promotion beyond preserved source trace.
VIS-E01-037,R08-L04,R08-L05,37 | R08-L04→R08-L05 | P2/internal_crisis,P2/internal_crisis,TBD,INSUFFICIENT,Historical C08 internal-crisis continuation; current trigger and production meaning are not defined.,TBD,NO,Legacy source is preserved without current promotion.
